id,keywords
11862,"[{'id': 1009, 'name': 'baby'}, {'id': 1599, 'name': 'midlife crisis'}, {'id': 2246, 'name': 'confidence'}, {'id': 4995, 'name': 'aging'}, {'id': 5600, 'name': 'daughter'}, {'id': 10707, 'name': 'mother daughter relationship'}, {'id': 13149, 'name': 'pregnancy'}, {'id': 33358, 'name': 'contraception'}, {'id': 170521, 'name': 'gynecologist'}]"
30304,"[{'id': 1668, 'name': 'hawaii'}, {'id': 2692, 'name': 'arranged marriage'}, {'id': 10428, 'name': 'cultural difference'}, {'id': 13014, 'name': 'orphan'}, {'id': 14669, 'name': 'older man younger woman relationship'}, {'id': 159362, 'name': 'black and white scene'}, {'id': 230009, 'name': 'asian american'}]"
278,"[{'id': 378, 'name': 'prison'}, {'id': 417, 'name': 'corruption'}, {'id': 796, 'name': 'police brutality'}, {'id': 2885, 'name': 'prison cell'}, {'id': 4779, 'name': 'delinquent'}, {'id': 8622, 'name': 'parole board'}, {'id': 9777, 'name': 'escape from prison'}, {'id': 12662, 'name': 'wrongful imprisonment'}, {'id': 180172, 'name': 'framed for murder'}, {'id': 207883, 'name': '1940s'}]"
41653,[]
11107,"[{'id': 242, 'name': 'new york'}, {'id': 1482, 'name': 'trainer'}, {'id': 2072, 'name': 'chauffeur'}, {'id': 2273, 'name': 'role of women'}, {'id': 6075, 'name': 'sport'}, {'id': 6496, 'name': 'basketball'}]"
121357,"[{'id': 5774, 'name': 'forest'}, {'id': 12999, 'name': 'black and white'}]"
22649,"[{'id': 131, 'name': 'italy'}, {'id': 428, 'name': 'nurse'}, {'id': 3452, 'name': 'love letter'}, {'id': 3776, 'name': 'officer'}, {'id': 10093, 'name': 'priest'}, {'id': 10685, 'name': 'escape'}, {'id': 11612, 'name': 'hospital'}, {'id': 12392, 'name': 'best friend'}, {'id': 156764, 'name': 'pre-code'}, {'id': 158547, 'name': 'air raid'}, {'id': 185034, 'name': 'ambulance driver'}, {'id': 185037, 'name': 'battle of the isonzo'}, {'id': 233360, 'name': 'air attack'}]"
11360,"[{'id': 291, 'name': 'circus'}, {'id': 456, 'name': 'mother'}, {'id': 1566, 'name': 'dream'}, {'id': 2161, 'name': 'mouse'}, {'id': 2857, 'name': 'elephant'}, {'id': 3030, 'name': 'nightmare'}, {'id': 3032, 'name': 'suffering'}, {'id': 3199, 'name': 'clown'}, {'id': 4075, 'name': 'ear'}, {'id': 4344, 'name': 'musical'}, {'id': 4639, 'name': 'crow'}, {'id': 5608, 'name': 'affection'}, {'id': 9207, 'name': 'storch'}, {'id': 10336, 'name': 'animation'}, {'id': 33429, 'name': 'big ears'}]"
31556,[]
85242,[]
49235,"[{'id': 10183, 'name': 'independent film'}]"
6283,"[{'id': 380, 'name': 'brother brother relationship'}, {'id': 1872, 'name': 'loss of father'}, {'id': 2161, 'name': 'mouse'}, {'id': 6095, 'name': 'house'}, {'id': 10911, 'name': 'inheritance'}]"
216794,"[{'id': 10391, 'name': 'mafia'}, {'id': 11578, 'name': 'mobster'}, {'id': 41523, 'name': 'brooklyn new york city'}]"
42807,"[{'id': 2492, 'name': 'bank robber'}, {'id': 177695, 'name': 'crime spree'}, {'id': 177703, 'name': 'western u.s.'}]"
12101,"[{'id': 2340, 'name': 'paranoia'}, {'id': 4565, 'name': 'dystopia'}, {'id': 5113, 'name': 'overpopulation'}, {'id': 40847, 'name': 'near future'}]"
859,"[{'id': 725, 'name': 'lovesickness'}, {'id': 738, 'name': 'sexuality'}, {'id': 1332, 'name': 'cheating'}, {'id': 2045, 'name': 'cynic'}, {'id': 2336, 'name': 'ladykiller'}, {'id': 2687, 'name': 'fiancé'}, {'id': 2692, 'name': 'arranged marriage'}, {'id': 2983, 'name': 'passion'}, {'id': 3182, 'name': 'seduction'}, {'id': 3452, 'name': 'love letter'}, {'id': 3925, 'name': 'boredom'}, {'id': 4315, 'name': 'courtly life'}, {'id': 4319, 'name': 'french revolution'}, {'id': 4320, 'name': 'lover'}, {'id': 4812, 'name': 'plan'}, {'id': 6049, 'name': 'praise'}, {'id': 34221, 'name': 'gender roles'}]"
19158,"[{'id': 158072, 'name': 'man eaten by monster'}]"
31930,[]
12278,"[{'id': 634, 'name': 'soul'}, {'id': 1308, 'name': 'secret identity'}, {'id': 2463, 'name': 'harvard university'}, {'id': 3616, 'name': 'college'}, {'id': 6278, 'name': 'scholarship'}, {'id': 12670, 'name': 'los angeles'}]"
42848,"[{'id': 1416, 'name': 'jazz'}, {'id': 3018, 'name': 'saxophonist'}, {'id': 7281, 'name': 'shooting'}, {'id': 10183, 'name': 'independent film'}, {'id': 34094, 'name': 'extramarital affair'}]"
10411,"[{'id': 1572, 'name': 'bestechung'}, {'id': 4480, 'name': 'business man'}, {'id': 5332, 'name': 'greed'}, {'id': 13072, 'name': 'falling in love'}]"
497,"[{'id': 531, 'name': 'southern usa'}, {'id': 577, 'name': 'black people'}, {'id': 791, 'name': 'mentally disabled'}, {'id': 818, 'name': 'based on novel'}, {'id': 2499, 'name': 'heal'}, {'id': 2501, 'name': 'death row'}, {'id': 2881, 'name': 'jail guard'}, {'id': 5571, 'name': 'great depression'}, {'id': 9774, 'name': 'prison guard'}, {'id': 11263, 'name': 'electric chair'}, {'id': 156597, 'name': 'magic realism'}, {'id': 167696, 'name': 'healing'}, {'id': 180162, 'name': 'death row inmate'}, {'id': 214548, 'name': '1930s'}]"
9876,"[{'id': 1375, 'name': 'submachine gun'}, {'id': 6149, 'name': 'police'}, {'id': 12670, 'name': 'los angeles'}, {'id': 15009, 'name': 'criminal'}]"
901,"[{'id': 1252, 'name': 'suicide attempt'}, {'id': 1604, 'name': 'operation'}, {'id': 1741, 'name': 'blindness and impaired vision'}, {'id': 2038, 'name': ""love of one's life""}, {'id': 2480, 'name': 'eye operation'}, {'id': 2779, 'name': 'flower shop'}, {'id': 4485, 'name': 'flower girl'}, {'id': 5386, 'name': 'tramp'}, {'id': 9673, 'name': 'love'}, {'id': 33626, 'name': 'millionaire'}, {'id': 176745, 'name': 'blind girl'}, {'id': 183875, 'name': 'little tramp'}]"
48211,"[{'id': 2356, 'name': 'immigrant'}, {'id': 5565, 'name': 'biography'}, {'id': 5879, 'name': 'anarchist'}]"
28975,"[{'id': 1415, 'name': 'small town'}, {'id': 10857, 'name': 'debt collector'}, {'id': 11018, 'name': 'irish'}]"
1443,"[{'id': 933, 'name': 'michigan'}, {'id': 1228, 'name': '1970s'}, {'id': 14751, 'name': 'youth'}, {'id': 18035, 'name': 'family'}, {'id': 187056, 'name': 'woman director'}]"
2094,[]
16139,"[{'id': 293, 'name': 'female nudity'}, {'id': 2483, 'name': 'nudity'}, {'id': 12377, 'name': 'zombie'}, {'id': 162332, 'name"
15752,[]
39113,"[{'id': 65, 'name': 'holiday'}, {'id': 3490, 'name': 'pop star'}, {'id': 8508, 'name': 'party'}, {'id': 9828, 'name': 'surf'}, {'id': 11034, 'name': 'b movie'}, {'id': 13130, 'name': 'teenager'}, {'id': 188583, 'name': 'beach movie'}]"
2623,"[{'id': 2038, 'name': ""love of one's life""}, {'id': 3588, 'name': 'navy'}, {'id': 3776, 'name': 'officer'}]"
29067,"[{'id': 1852, 'name': 'mutant'}, {'id': 4168, 'name': 'greenhouse'}, {'id': 8183, 'name': 'carnivorous plant'}, {'id': 9741, 'name': 'radioactive'}, {'id': 10308, 'name': 'h.p. lovecraft'}]"
8076,"[{'id': 8181, 'name': 'swimming pool'}]"
46786,[]
18192,"[{'id': 10144, 'name': 'anti semitism'}, {'id': 10183, 'name': 'independent film'}, {'id': 207197, 'name': 'mistaken for jewish'}]"
15120,[]
8346,"[{'id': 279, 'name': 'usa'}, {'id': 970, 'name': 'parent child relationship'}, {'id': 1200, 'name': 'greece'}, {'id': 1463, 'name': 'culture clash'}, {'id': 1599, 'name': 'midlife crisis'}, {'id': 1946, 'name': 'restaurant'}, {'id': 2374, 'name': 'bad mother-in-law'}, {'id': 2797, 'name': 'mother-in-law'}, {'id': 3453, 'name': 'parents-in-law'}, {'id': 4532, 'name': 'son-in-law'}, {'id': 4604, 'name': 'father-in-law'}, {'id': 4677, 'name': 'patriarch'}, {'id': 6188, 'name': 'bad father-in-law'}, {'id': 8011, 'name': 'greek'}, {'id': 13027, 'name': 'wedding'}, {'id': 18035, 'name': 'family'}, {'id': 160910, 'name': 'xenophobia'}]"
31393,"[{'id': 1299, 'name': 'monster'}, {'id': 10125, 'name': 'mad scientist'}]"
66091,[]
21143,"[{'id': 212, 'name': 'london england'}, {'id': 818, 'name': 'based on novel'}, {'id': 3704, 'name': 'plant'}, {'id': 4014, 'name': 'giant plant'}, {'id': 4862, 'name': 'alien life-form'}, {'id': 5404, 'name': 'meteor'}, {'id': 10183, 'name': 'independent film'}, {'id': 14909, 'name': 'alien invasion'}, {'id': 164092, 'name': 'blindness'}, {'id': 210234, 'name': 'man eating plant'}]"
24711,"[{'id': 380, 'name': 'brother brother relationship'}, {'id': 572, 'name': 'sex'}, {'id': 2483, 'name': 'nudity'}, {'id': 5859, 'name': 'paralysis'}, {'id': 6149, 'name': 'police'}, {'id': 8015, 'name': 'cop'}, {'id': 9937, 'name': 'suspense'}, {'id': 33519, 'name': 'courtroom'}, {'id': 207268, 'name': 'neo-noir'}]"
51230,"[{'id': 1388, 'name': 'cinema'}, {'id': 1389, 'name': 'cinephilia'}, {'id': 1523, 'name': 'obsession'}, {'id': 4295, 'name': 'collector'}, {'id': 6224, 'name': 'hobby'}, {'id': 10183, 'name': 'independent film'}, {'id': 14512, 'name': 'new york city'}, {'id': 18062, 'name': 'obsessed fan'}, {'id': 160152, 'name': 'film fan'}, {'id': 163110, 'name': 'theater'}, {'id': 168346, 'name': 'manhattan, new york city'}, {'id': 187056, 'name': 'woman director'}, {'id': 196500, 'name': 'film buff'}, {'id': 218048, 'name': 'movie fan'}]"
42511,"{'id': 154802, 'name': 'silent film'}"
1996,"[{'id': 483, 'name': 'riddle'}, {'id': 1454, 'name': 'treasure'}, {'id': 1456, 'name': 'medallion'}, {'id': 3510, 'name': 'kenia'}, {'id': 5127, 'name': 'alexander the great'}, {'id': 5962, 'name': ""pandora's box""}, {'id': 5964, 'name': 'chinese mafia'}, {'id': 6956, 'name': 'treasure hunt'}, {'id': 12354, 'name': 'hong kong'}, {'id': 41586, 'name': 'archaeologist'}, {'id': 41645, 'name': 'based on video game'}, {'id': 184134, 'name': 'archeology\xa0'}]"
9355465,"[{'id': 2547, 'name': 'new identity'}, {'id': 33705, 'name': 'agent'}]"
21512,"[{'id': 779, 'name': 'martial arts'}, {'id': 4458, 'name': 'post-apocalyptic'}, {'id': 6075, 'name': 'sport'}, {'id': 9748, 'name': 'revenge'}, {'id': 10183, 'name': 'independent film'}, {'id': 11221, 'name': 'blood'}, {'id': 14819, 'name': 'violence'}, {'id': 18034, 'name': 'desert'}, {'id': 18543, 'name': 'combat'}]"
14282,"[{'id': 233, 'name': 'japan'}, {'id': 739, 'name': 'sexual abuse'}, {'id': 910, 'name': 'bondage'}, {'id': 8087, 'name': 'horror'}, {'id': 10084, 'name': 'rescue'}, {'id': 10278, 'name': 'ninja'}, {'id': 10614, 'name': 'tragedy'}, {'id': 14624, 'name': 'cruelty'}, {'id': 14819, 'name': 'violence'}, {'id': 15001, 'name': 'demon'}]"
64945,"[{'id': 14857, 'name': 'juvenile delinquent'}]"
17831,"[{'id': 1430, 'name': 'self sacrifice'}, {'id': 4319, 'name': 'french revolution'}, {'id': 6317, 'name': 'guillotine'}]"
11634,"[{'id': 1192, 'name': 'sweden'}, {'id': 1415, 'name': 'small town'}, {'id': 3691, 'name': 'forbidden love'}, {'id': 6437, 'name': 'toilet'}, {'id': 9833, 'name': 'lesbian relationship'}, {'id': 10768, 'name': 'lesbian'}, {'id': 11870, 'name': 'teen movie'}, {'id': 18425, 'name': 'teenage love'}, {'id': 158718, 'name': 'lgbt'}, {'id': 163037, 'name': 'lgbt teen'}, {'id': 190116, 'name': 'school life'}]"
995,"[{'id': 549, 'name': 'prostitute'}, {'id': 1459, 'name': 'marriage proposal'}, {'id': 1508, 'name': 'new mexico'}, {'id': 1859, 'name': 'arizona'}, {'id': 3256, 'name': 'infant'}, {'id': 10718, 'name': 'fugitive'}, {'id': 13005, 'name': 'doctor'}, {'id': 18034, 'name': 'desert'}, {'id': 33600, 'name': 'stagecoach'}, {'id': 155291, 'name': 'cowboy'}, {'id': 156104, 'name': 'stranger'}, {'id': 162722, 'name': 'indian attack'}, {'id': 184692, 'name': 'cowboys and indians'}, {'id': 188907, 'name': 'street shootout'}, {'id': 188924, 'name': 'outlaw gang'}, {'id': 196630, 'name': 'ostracism'}, {'id': 219945, 'name': 'calvary'}, {'id': 234193, 'name': 'drunkard'}, {'id': 234253, 'name': 'outcasts'}]"
24134,"[{'id': 131, 'name': 'italy'}, {'id': 736, 'name': 'journalist'}, {'id': 14818, 'name': 'model'}]"
42466,"[{'id': 3133, 'name': 'vampire'}, {'id': 9663, 'name': 'sequel'}, {'id': 155493, 'name': 'campy'}, {'id': 207775, 'name': 'blacksploitation'}]"
11023,"[{'id': 1332, 'name': 'cheating'}, {'id': 10041, 'name': 'dysfunctional family'}, {'id': 10049, 'name': 'teen angst'}, {'id': 11696, 'name': 'underage drinking'}, {'id': 11925, 'name': 'domestic violence'}, {'id': 34130, 'name': 'makeover'}, {'id': 41352, 'name': 'drug overdose'}, {'id': 41355, 'name': 'teacher student relationship'}, {'id': 156196, 'name': 'street life'}, {'id': 158020, 'name': 'movie theater'}, {'id': 175233, 'name': 'razor blade'}, {'id': 176780, 'name': 'tattoo shop'}, {'id': 178444, 'name': 'peer pressure'}, {'id': 178448, 'name': 'shoe store'}, {'id': 178452, 'name': 'overachiever'}, {'id': 178471, 'name': 'reference to jack black'}, {'id': 178474, 'name': 'flunking out of school'}, {'id': 178475, 'name': 'promiscuous mother'}, {'id': 178482, 'name': 'glue sniffing'}, {'id': 187056, 'name': 'woman director'}]"
28963,"[{'id': 255, 'name': 'male nudity'}, {'id': 1454, 'name': 'treasure'}, {'id': 2343, 'name': 'magic'}, {'id': 3998, 'name': 'palace'}, {'id': 4895, 'name': 'flying carpet'}, {'id': 5894, 'name': 'bagdad'}, {'id': 6399, 'name': 'rope'}, {'id': 7376, 'name': 'princess'}, {'id': 9727, 'name': 'thief'}, {'id': 11707, 'name': 'suitor'}, {'id': 18118, 'name': 'disguise'}, {'id': 33673, 'name': 'apple'}]"
1720,"[{'id': 240, 'name': 'underdog'}, {'id': 1420, 'name': 'gas station'}, {'id': 2401, 'name': 'grandmother grandson relationship'}, {'id': 2415, 'name': 'idiot'}, {'id': 5468, 'name': 'monotony'}, {'id': 5746, 'name': 'iceland'}, {'id': 5747, 'name': 'fjord'}, {'id': 6257, 'name': 'genius'}, {'id': 33457, 'name': 'alcoholic'}]"
1487,"[{'id': 4252, 'name': 'black magic'}, {'id': 5572, 'name': 'fistfight'}, {'id': 9665, 'name': 'cover-up'}, {'id': 9715, 'name': 'superhero'}, {'id': 11627, 'name': 'paranormal phenomena'}, {'id': 12208, 'name': 'narration from grave'}, {'id': 15001, 'name': 'demon'}, {'id': 156174, 'name': 'occult'}, {'id': 174406, 'name': 'combat photography'}, {'id': 174413, 'name': 'reanimated corpse'}, {'id': 179431, 'name': 'duringcreditsstinger'}]"
17346,"[{'id': 187056, 'name': 'woman director'}]"
54022,"[{'id': 10183, 'name': 'independent film'}]"
9893,"[{'id': 6270, 'name': 'high school'}, {'id': 8783, 'name': 'scavenger hunt'}, {'id': 10791, 'name': 'teenage crush'}, {'id': 11798, 'name': 'slumber party'}, {'id': 13130, 'name': 'teenager'}, {'id': 155722, 'name': 'teen comedy'}]"
51949,[]
23620,"[{'id': 4112, 'name': 'strike'}]"
18305,[]
58416,"[{'id': 2439, 'name': 'coffee'}, {'id': 4553, 'name': 'black humor'}, {'id': 6027, 'name': 'music'}, {'id': 11732, 'name': 'cigarette smoking'}, {'id': 14598, 'name': 'vodka'}, {'id': 167043, 'name': 'road movie'}]"
110147,[]
32526,[]
189332,[]
23832,"[{'id': 131, 'name': 'italy'}, {'id': 10466, 'name': 'knight'}, {'id': 10468, 'name': 'bear'}, {'id': 10471, 'name': 'cult favorite'}, {'id': 10473, 'name': 'contagion spread'}, {'id': 12988, 'name': 'pirate'}]"
61144,"[{'id': 10183, 'name': 'independent film'}]"
8340,"[{'id': 789, 'name': 'muslim'}, {'id': 972, 'name': 'refugee'}, {'id': 1961, 'name': 'landmine'}, {'id': 3797, 'name': 'bicycle'}, {'id': 5202, 'name': 'boy'}, {'id': 5331, 'name': 'village'}, {'id': 5939, 'name': 'iraq'}, {'id': 6091, 'name': 'war'}, {'id': 10852, 'name': 'dead child'}, {'id': 11117, 'name': 'tank'}, {'id': 41594, 'name': 'electricity'}]"
22377,"[{'id': 2957, 'name': 'vietnam war'}, {'id': 10403, 'name': 'green beret'}]"
921,"[{'id': 396, 'name': 'transporter'}, {'id': 1199, 'name': 'netherlands'}, {'id': 1477, 'name': 'world cup'}, {'id': 1952, 'name': 'socially deprived family'}, {'id': 2783, 'name': ""family's daily life""}, {'id': 2792, 'name': 'boxer'}, {'id': 4487, 'name': 'boxing match'}, {'id': 4610, 'name': 'comeback'}, {'id': 4613, 'name': 'training'}, {'id': 4614, 'name': 'heavy weight'}, {'id': 4615, 'name': 'folk hero'}, {'id': 5565, 'name': 'biography'}, {'id': 5600, 'name': 'daughter'}, {'id': 6066, 'name': 'defeat'}, {'id': 6075, 'name': 'sport'}]"
21115,[]
7182,"[{'id': 3134, 'name': 'louisiana'}, {'id': 3392, 'name': 'voodoo'}, {'id': 4150, 'name': 'swampf'}, {'id': 10685, 'name': 'escape'}, {'id': 14751, 'name': 'youth'}]"
9701,"[{'id': 570, 'name': 'rape'}, {'id': 1328, 'name': 'secret'}, {'id': 1360, 'name': 'minnesota'}, {'id': 3581, 'name': 'witness'}, {'id': 4781, 'name': 'miner'}, {'id': 6060, 'name': 'insult'}, {'id': 6148, 'name': 'court'}, {'id': 7335, 'name': 'lawsuit'}, {'id': 9673, 'name': 'love'}, {'id': 10768, 'name': 'lesbian'}, {'id': 14643, 'name': 'battle'}, {'id': 14678, 'name': 'case'}, {'id': 15184, 'name': 'woman'}, {'id': 187056, 'name': 'woman director'}, {'id': 190938, 'name': 'landmark'}, {'id': 196626, 'name': 'harrassment'}, {'id': 202506, 'name': 'legal'}]"
9943974,"[{'id': 110, 'name': 'venice'}, {'id': 703, 'name': 'detective'}, {'id': 1328, 'name': 'secret'}, {'id': 2041, 'name': 'island'}, {'id': 7063, 'name': 'children gang'}, {'id': 155790, 'name': 'private detective'}]"
18925,"[{'id': 5950, 'name': 'christian'}, {'id': 6075, 'name': 'sport'}, {'id': 179430, 'name': 'aftercreditsstinger'}]"
1858,"[{'id': 2535, 'name': 'destroy'}, {'id': 4375, 'name': 'transformation'}, {'id': 9951, 'name': 'alien'}, {'id': 10542, 'name': 'based on toy'}, {'id': 10607, 'name': 'transformers'}, {'id': 14544, 'name': 'robot'}, {'id': 179431, 'name': 'duringcreditsstinger'}, {'id': 188178, 'name': 'teenage hero'}]"
81847,[]
34424,"[{'id': 10183, 'name': 'independent film'}]"
23817,"[{'id': 2069, 'name': 'bathing'}, {'id': 6593, 'name': 'stripper'}, {'id': 6981, 'name': 'connecticut'}, {'id': 8181, 'name': 'swimming pool'}, {'id': 10183, 'name': 'independent film'}]"
60141,"[{'id': 983, 'name': 'brazilian'}, {'id': 8029, 'name': 'drama'}]"
10797,"[{'id': 509, 'name': 'denmark'}, {'id': 6054, 'name': 'friendship'}, {'id': 10508, 'name': 'teacher'}, {'id': 12105, 'name': 'student'}, {'id': 161919, 'name': 'adult animation'}, {'id': 193547, 'name': 'teachers and students'}]"
18181,[]
20802,"[{'id': 582, 'name': 'san francisco'}, {'id': 6149, 'name': 'police'}]"
40873,"[{'id': 10229, 'name': 'singer'}, {'id': 33528, 'name': 'clearwater'}, {'id': 33530, 'name': '\xa0hudson rive'}, {'id': 33532, 'name': 'polluted river'}, {'id': 33533, 'name': 'smothers brothers'}, {'id': 33534, 'name': 'folk singer'}, {'id': 33536, 'name': '\xa0hudson'}, {'id': 190140, 'name': 'blacklist'}]"
51808,"[{'id': 10183, 'name': 'independent film'}]"
14139,"[{'id': 1435, 'name': 'scissors'}, {'id': 2135, 'name': 'radio'}, {'id': 2483, 'name': 'nudity'}, {'id': 3667, 'name': 'time'}, {'id': 9720, 'name': 'woods'}, {'id': 9887, 'name': 'surrealism'}, {'id': 9935, 'name': 'travel'}, {'id': 10183, 'name': 'independent film'}, {'id': 14760, 'name': 'scientist'}, {'id': 33618, 'name': 'machine'}, {'id': 157171, 'name': 'nonlinear timeline'}, {'id': 158071, 'name': 'binoculars'}, {'id': 158591, 'name': 'injury'}, {'id': 180340, 'name': 'voyeur'}, {'id': 193490, 'name': 'loop'}]"
14851,"[{'id': 7118, 'name': 'escapee convict'}, {'id': 9777, 'name': 'escape from prison'}, {'id': 10183, 'name': 'independent film'}]"
434,"{'id': 30, 'name': 'individual'}, {'id': 220, 'name': 'berlin'}, {'id': 542, 'name': 'street gang'}, {'id': 1594, 'name': 'ex-boyfriend'}, {'id': 1936, 'name': 'blackmail'}, {'id': 2149, 'name': 'drug traffic'}, {'id': 2150, 'name': 'cocaine'}, {'id': 2229, 'name': 'neukölln'}, {'id': 2230, 'name': 'zehlendorf'}, {'id': 2231, 'name': 'drug dealer'}, {'id': 2232, 'name': 'move'}, {'id': 2233, 'name': 'neglect'}, {'id': 2235, 'name': 'drug mule'}, {'id': 2236, 'name': 'protection money'}, {'id': 6054, 'name': 'friendship'}, {'id': 6069, 'name': 'class'}, {'id': 9457, 'name': 'single'}, {'id': 9826, 'name': 'murder'}, {'id': 10766, 'name': 'youth gang'}, {'id': 10776, 'name': 'marijuana'}, {'id': 15090, 'name': 'police officer'}, {'id': 156052, 'name': 'unemployment'}"
48116,[]
23590,"[{'id': 9503, 'name': 'outlaw'}, {'id': 10950, 'name': 'shootout'}, {'id': 14856, 'name': 'informer'}, {'id': 160497, 'name': 'wrongful arrest'}]"
131351,"[{'id': 8629, 'name': 'made for cable tv'}, {'id': 10168, 'name': 'aviation'}, {'id': 15061, 'name': 'docudrama'}, {'id': 207939, 'name': 'figher airplane'}]"
18820,"[{'id': 828, 'name': 'waitress'}, {'id': 10183, 'name': 'independent film'}]"
42762,"[{'id': 6075, 'name': 'sport'}]"
23202,"[{'id': 3335, 'name': 'halloween'"
25680,"[{'id': 1680, 'name': 'boston'}, {'id': 9937, 'name': 'suspense'}, {'id': 10847, 'name': 'boston garden'}, {'id': 155453, 'name': 'gritty'}]"
17334,"[{'id': 958, 'name': 'indian lead'}, {'id': 7934, 'name': 'call center'}, {'id': 9799, 'name': 'romantic comedy'}]"
71370,[]
36233,"[{'id': 41385, 'name': 'racial tension'}, {'id': 188907, 'name': 'street shootout'}, {'id': 208009, 'name': 'gun fight'}]"
11303,"[{'id': 1328, 'name': 'secret'}, {'id': 1994, 'name': 'wolf'}, {'id': 3030, 'name': 'nightmare'}, {'id': 3205, 'name': 'fairy tale'}, {'id': 4174, 'name': 'little red riding hood'}, {'id': 4413, 'name': 'grandchildren'}, {'id': 5774, 'name': 'forest'}, {'id': 5878, 'name': 'baroness'}, {'id': 7749, 'name': 'reicher graf'}, {'id': 184989, 'name': 'spectacle'}]"
22649,"[{'id': 131, 'name': 'italy'}, {'id': 428, 'name': 'nurse'}, {'id': 3452, 'name': 'love letter'}, {'id': 3776, 'name': 'officer'}, {'id': 10093, 'name': 'priest'}, {'id': 10685, 'name': 'escape'}, {'id': 11612, 'name': 'hospital'}, {'id': 12392, 'name': 'best friend'}, {'id': 156764, 'name': 'pre-code'}, {'id': 158547, 'name': 'air raid'}, {'id': 185034, 'name': 'ambulance driver'}, {'id': 185037, 'name': 'battle of the isonzo'}, {'id': 233360, 'name': 'air attack'}]"
64861,[]
53232,"[{'id': 2301, 'name': 'architect'}, {'id': 156640, 'name': 'high rise'}, {'id': 160234, 'name': 'family tragedy'}, {'id': 184422, 'name': 'neglected wife'}, {'id': 230960, 'name': 'unfaithful wife'}, {'id': 237449, 'name': 'misplaced priorities'}, {'id': 237462, 'name': 'wealthy family'}, {'id': 237603, 'name': ""millionaire's daughter""}, {'id': 237604, 'name': 'chain store magnate'}, {'id': 237605, 'name': 'society wedding'}, {'id': 237606, 'name': 'social snub'}]"
76825,"[{'id': 4458, 'name': 'post-apocalyptic'}, {'id': 5385, 'name': 'survivor'}, {'id': 6104, 'name': 'computer'}, {'id': 14828, 'name': 'city'}, {'id': 15017, 'name': 'danger'}, {'id': 188351, 'name': 'catastrophe'}]"
46103,[]
67232,"[{'id': 10183, 'name': 'independent film'}, {'id': 187056, 'name': 'woman director'}]"
45317,"[{'id': 6075, 'name': 'sport'}, {'id': 154123, 'name': 'irish american'}, {'id': 166309, 'name': 'documentary crew'}, {'id': 174093, 'name': 'lowell massachusetts'}, {'id': 174099, 'name': 'blue collar worker'}, {'id': 174107, 'name': 'church bells'}, {'id': 174109, 'name': 'documentary filmmaking'}, {'id': 174110, 'name': 'boxer shorts'}, {'id': 174116, 'name': 'jumping rope'}, {'id': 174117, 'name': 'shadow boxing'}, {'id': 179431, 'name': 'duringcreditsstinger'}]"
41556,"[{'id': 1332, 'name': 'cheating'}, {'id': 13027, 'name': 'wedding'}, {'id': 40798, 'name': 'romantic literature'}, {'id': 187056, 'name': 'woman director'}]"
96118,"[{'id': 3457, 'name': 'cellist'}, {'id': 156273, 'name': 'critic'}, {'id': 214480, 'name': 'music critic'}]"
48946,[]
48481,"[{'id': 4565, 'name': 'dystopia'}]"
18143,"[{'id': 4127, 'name': 'one-sided love'}, {'id': 7879, 'name': 'secret love'}]"
50359,"[{'id': 6285, 'name': ""coup d'etat""}, {'id': 8631, 'name': 'slacker'}, {'id': 9921, 'name': 'easter'}, {'id': 9923, 'name': 'easter bunny'}, {'id': 179430, 'name': 'aftercreditsstinger'}, {'id': 209220, 'name': 'live action and animation'}]"
41446,"[{'id': 798, 'name': 'sheriff'}, {'id': 3096, 'name': 'book'}, {'id': 4728, 'name': 'knife'}, {'id': 8087, 'name': 'horror'}, {'id': 10084, 'name': 'rescue'}, {'id': 10818, 'name': 'author'}, {'id': 11040, 'name': 'masked killer'}, {'id': 11612, 'name': 'hospital'}, {'id': 13092, 'name': 'corpse'}]"
72026,"[{'id': 1664, 'name': 'eroticism'}, {'id': 11677, 'name': 'secretary'}, {'id': 173254, 'name': 'child rape'}]"
43616,[]
15543,"[{'id': 10352, 'name': 'phobia'}, {'id': 11268, 'name': 'psychologist'}]"
9703011,[]
42077,"[{'id': 1930, 'name': 'kidnapping'}, {'id': 195402, 'name': 'film noir'}]"
74725,"[{'id': 612, 'name': 'hotel'}, {'id': 1157, 'name': 'wife husband relationship'}, {'id': 2708, 'name': 'hitman'}, {'id': 4884, 'name': 'infection'}, {'id': 5774, 'name': 'forest'}, {'id': 6158, 'name': 'cult'}, {'id': 10093, 'name': 'priest'}, {'id': 13112, 'name': 'murderer'}, {'id': 14707, 'name': 'brutality'}, {'id': 157775, 'name': 'bonfire'}, {'id': 160588, 'name': 'ceremony'}, {'id': 162380, 'name': 'ex soldier'}, {'id': 162745, 'name': 'ritual sacrifice'}, {'id': 177964, 'name': 'contract killer'}, {'id': 206440, 'name': 'video tape'}, {'id': 209568, 'name': 'folk horror'}, {'id': 210012, 'name': 'mumblegore'}]"
69722,[]
36261,"[{'id': 192342, 'name': 'mughal empire'}]"
149117,"[{'id': 7513, 'name': 'bucket'}, {'id': 187360, 'name': 'courting'}, {'id': 187363, 'name': 'mop'}]"
76234,"[{'id': 206813, 'name': 'supernatural ability'}]"
70074,[]
48646,"[{'id': 1395, 'name': 'arena'}, {'id': 2043, 'name': 'lion'}, {'id': 5049, 'name': 'ancient rome'}, {'id': 10181, 'name': 'based on play or musical'}]"
103269,"[{'id': 392, 'name': 'england'}, {'id': 849, 'name': 'dc comics'}, {'id': 9715, 'name': 'superhero'}, {'id': 10761, 'name': 'superhuman'}, {'id': 155030, 'name': 'superhero team'}, {'id': 163455, 'name': 'super powers'}, {'id': 209949, 'name': 'the elite'}]"
13927,"[{'id': 236684, 'name': 'pixar animation'}]"
77883,[]
67166,"[{'id': 3870, 'name': 'mickey mouse'}]"
38414,[]
135678,[]
26114,"[{'id': 8015, 'name': 'cop'}, {'id': 41393, 'name': 'new england'}, {'id': 208984, 'name': 'jesse stone'}]"
60534,"[{'id': 74, 'name': 'germany'}, {'id': 570, 'name': 'rape'}, {'id': 18486, 'name': 'child molester'}]"
60270,"[{'id': 65, 'name': 'holiday'}, {'id': 2960, 'name': 'cambodia'}, {'id': 5159, 'name': 'tourist'}, {'id': 5563, 'name': 'market'}, {'id': 161534, 'name': 'pregnant wife'}, {'id': 179431, 'name': 'duringcreditsstinger'}]"
44546,"[{'id': 1566, 'name': 'dream'}, {'id': 2726, 'name': 'therapist'}, {'id': 15106, 'name': 'psychiatrist'}, {'id': 222929, 'name': 'utopia quest'}]"
94326,[]
77173,"[{'id': 6017, 'name': 'genetics'}, {'id': 14760, 'name': 'scientist'}, {'id': 156176, 'name': 'moth'}]"
72968,[]
242920,"[{'id': 378, 'name': 'prison'}]"
183825,"[{'id': 5900, 'name': 'missouri'}, {'id': 9910, 'name': 'jesse james'}, {'id': 222784, 'name': 'cole younger'}]"
191421,"[{'id': 3616, 'name': 'college'}, {'id': 187056, 'name': 'woman director'}, {'id': 217896, 'name': 'nanjing'}]"
214597,"[{'id': 293, 'name': 'female nudity'}, {'id': 3133, 'name': 'vampire'}, {'id': 9714, 'name': 'remake'}, {'id': 10292, 'name': 'gore'}, {'id': 11221, 'name': 'blood'}, {'id': 179882, 'name': 'romania'}]"
290075,[]
60140,[]
61501,"[{'id': 6149, 'name': 'police'}, {'id': 11677, 'name': 'secretary'}, {'id': 15090, 'name': 'police officer'}, {'id': 191603, 'name': 'prowl car'}, {'id': 195402, 'name': 'film noir'}]"
53168,[]
42697,[]
168742,[]
49158,"[{'id': 2771, 'name': 'octopus'}, {'id': 155529, 'name': 'killer whale'}]"
38980,"{'id': 572, 'name': 'sex'}, {'id': 2483, 'name': 'nudity'}, {'id': 3688, 'name': 'strip club'}, {'id': 6149, 'name': 'police'}, {'id': 6270, 'name': 'high school'}, {'id': 8508, 'name': 'party'}, {'id': 13130, 'name': 'teenager'}, {'id': 14964, 'name': 'drug'}, {'id': 180340, 'name': 'voyeur'}"
32929,"[{'id': 1543, 'name': 'war veteran'}, {'id': 2792, 'name': 'boxer'}, {'id': 195402, 'name': 'film noir'}, {'id': 198421, 'name': 'military hospital'}]"
106042,"[{'id': 14857, 'name': 'juvenile delinquent'}]"
110823,"[{'id': 1201, 'name': 'austria'}, {'id': 9728, 'name': 'caper'}, {'id': 156236, 'name': 'jewel thief'}]"
295958,"[{'id': 187056, 'name': 'woman director'}]"
238067,"[{'id': 186, 'name': 'christianity'}, {'id': 2974, 'name': 'jesus christ'}, {'id': 5970, 'name': 'wrestling'}, {'id': 11004, 'name': 'rural setting'}]"
53482,"[{'id': 2150, 'name': 'cocaine'}, {'id': 4648, 'name': 'naples'}, {'id': 13042, 'name': 'soccer'}]"
174314,"[{'id': 187056, 'name': 'woman director'}]"
127798,"[{'id': 708, 'name': 'runaway'}, {'id': 2673, 'name': 'horse'}, {'id': 206182, 'name': 'iron cage'}, {'id': 206183, 'name': 'ciircus'}, {'id': 206184, 'name': 'runaway teen'}]"
33389,"[{'id': 159951, 'name': 'charlie chan'}]"
38458,"[{'id': 159951, 'name': 'charlie chan'}]"
2813,"[{'id': 2123, 'name': 'father murder'}, {'id': 3059, 'name': 'giftmord'}, {'id': 6628, 'name': 'syphillis'}, {'id': 7663, 'name': 'petty bourgeois'}, {'id': 33625, 'name': 'illegal prostitution'}]"
34995,"[{'id': 534, 'name': 'mexico'}, {'id': 591, 'name': 'cia'}, {'id': 15127, 'name': 'killer'}]"
64372,"[{'id': 9716, 'name': 'stand-up comedy'}]"
9414603,[]
60479,"[{'id': 5378, 'name': 'world champion'}]"
103528,"[{'id': 11001, 'name': 'religion'}, {'id': 14765, 'name': 'church'}, {'id': 18396, 'name': 'catholic'}, {'id': 162954, 'name': 'elvis presley'}, {'id': 187056, 'name': 'woman director'}]"
35801,"[{'id': 9181, 'name': 'alter ego'}, {'id': 9937, 'name': 'suspense'}, {'id': 10024, 'name': 'psychopathic killer'}, {'id': 10125, 'name': 'mad scientist'}, {'id': 10770, 'name': 'mad doctor'}, {'id': 156033, 'name': 'jekyll and hyde'}]"
84425,"[{'id': 5923, 'name': 'sister'}, {'id': 8956, 'name': 'magnum'}, {'id': 9748, 'name': 'revenge'}]"
132038,[]
159638,"[{'id': 12416, 'name': 'horror spoof'}, {'id': 15001, 'name': 'demon'}, {'id': 162846, 'name': 'ghost'}, {'id': 163053, 'name': 'found footage'}]"
260346,"[{'id': 9748, 'name': 'revenge'}, {'id': 9826, 'name': 'murder'}, {'id': 10562, 'name': 'on the run'}, {'id': 10718, 'name': 'fugitive'}, {'id': 15124, 'name': 'framed'}, {'id': 15300, 'name': 'father daughter relationship'}, {'id': 180172, 'name': 'framed for murder'}]"
26621,[]
96106,"[{'id': 293, 'name': 'female nudity'}, {'id': 3389, 'name': 'warrior woman'}, {'id': 5968, 'name': 'amazon'}, {'id': 210856, 'name': 'amazon tribe'}]"
14407,"[{'id': 10183, 'name': 'independent film'}]"
63339,[]
67659,"[{'id': 9503, 'name': 'outlaw'}, {'id': 10950, 'name': 'shootout'}]"
102078,[]
44381,"[{'id': 4344, 'name': 'musical'}, {'id': 9903, 'name': 'balloon'}, {'id': 15162, 'name': 'dog'}, {'id': 158386, 'name': 'golden retriever'}]"
19183,[]
228074,"[{'id': 966, 'name': 'beach'}, {'id': 2041, 'name': 'island'}, {'id': 3799, 'name': 'ship'}, {'id': 9743, 'name': 'stranded'}]"
72483,"[{'id': 237, 'name': 'gay'}, {'id': 1009, 'name': 'baby'}, {'id': 6017, 'name': 'genetics'}, {'id': 208591, 'name': 'abortion'}, {'id': 208873, 'name': 'acceptance'}]"
110671,"[{'id': 162701, 'name': 'racial prejudice'}]"
46869,"[{'id': 293, 'name': 'female nudity'}, {'id': 828, 'name': 'waitress'}, {'id': 10738, 'name': 'diner'}, {'id': 10768, 'name': 'lesbian'}]"
78028,"[{'id': 90, 'name': 'paris'}, {'id': 254, 'name': 'france'}, {'id': 1938, 'name': 'sword'}, {'id': 9725, 'name': 'sword fight'}, {'id': 10466, 'name': 'knight'}, {'id': 14819, 'name': 'violence'}, {'id': 157186, 'name': 'swashbuckler'}, {'id': 189151, 'name': 'medieval times'}, {'id': 234213, 'name': 'sword and sorcery'}]"
215924,"[{'id': 187056, 'name': 'woman director'}]"
253377,[]
186585,"[{'id': 10718, 'name': 'fugitive'}, {'id': 235089, 'name': 'branding iron'}]"
244260,"[{'id': 1415, 'name': 'small town'}, {'id': 187056, 'name': 'woman director'}, {'id': 201990, 'name': 'miners'}, {'id': 209339, 'name': 'mining accident'}]"
30583,"[{'id': 179583, 'name': 'pixie'}]"
201085,"[{'id': 3358, 'name': 'haunted house'}, {'id': 6015, 'name': 'mining'}, {'id': 9826, 'name': 'murder'}, {'id': 14898, 'name': 'spitting blood'}, {'id': 33505, 'name': 'gothic'}, {'id': 162846, 'name': 'ghost'}]"
195862,"[{'id': 187056, 'name': 'woman director'}]"
63585,"[{'id': 187056, 'name"
298396,[]
85025,[]
179715,[]
9048045,"[{'id': 3640, 'name': 'work'}, {'id': 3852, 'name': 'safety'}, {'id': 7066, 'name': 'sex education'}, {'id': 8636, 'name': 'blood splatter'}, {'id': 158206, 'name': 'forklift'}, {'id': 196001, 'name': 'educational film'}]"
290864,"[{'id': 779, 'name': 'martial arts'}, {'id': 780, 'name': 'kung fu'}, {'id': 10714, 'name': 'serial killer'}]"
26447,"[{'id': 9937, 'name': 'suspense'}, {'id': 10726, 'name': 'gang'}, {'id': 14819, 'name': 'violence'}]"
74087,"[{'id': 588, 'name': 'rome'}, {'id': 1003, 'name': 'photographer'}, {'id': 11039, 'name': 'giallo'}]"
254320,"[{'id': 4565, 'name': 'dystopia'}]"
193387,"[{'id': 1930, 'name': 'kidnapping'}, {'id': 6149, 'name': 'police'}, {'id': 8841, 'name': 'puppy'}, {'id': 10235, 'name': 'family relationships'}, {'id': 158967, 'name': 'brooklyn bridge'}]"
23898,[]
71063,[]
220782,[]
238615,"[{'id': 2251, 'name': 'lie'}, {'id': 4978, 'name': 'immortality'}, {'id': 6564, 'name': 'terminal illness'}, {'id': 10124, 'name': 'laboratory'}, {'id': 10163, 'name': 'cancer'}, {'id': 13005, 'name': 'doctor'}, {'id': 33721, 'name': 'body-swap'}, {'id': 34079, 'name': 'death'}, {'id': 34143, 'name': 'rich'}, {'id': 187008, 'name': 'false memory'}, {'id': 189748, 'name': 'soul transference'}, {'id': 196682, 'name': 'rich man'}, {'id': 205852, 'name': 'mind transfer'}, {'id': 218102, 'name': 'host body'}, {'id': 218105, 'name': 'body snatching'}, {'id': 227385, 'name': 'eternal'}]"
115463,[]
9567273,[]
276488,"[{'id': 388, 'name': 'scotland'}, {'id': 6149, 'name': 'police'}, {'id': 9826, 'name': 'murder'}, {'id': 14819, 'name': 'violence'}, {'id': 156104, 'name': 'stranger'}]"
61542,"[{'id': 1228, 'name': '1970s'}, {'id': 6719, 'name': 'montreal'}, {'id': 155490, 'name': 'disco'}, {'id': 194729, 'name': 'disco dancing'}]"
62134,"[{'id': 1003, 'name': 'photographer'}, {'id': 4620, 'name': 'magazine'}, {'id': 6562, 'name': 'celebrity'}]"
322922,[]
86000,"[{'id': 15319, 'name': 'attraction'}, {'id': 164092, 'name': 'blindness'}]"
342878,"[{'id': 9714, 'name': 'remake'}, {'id': 15300, 'name': 'father daughter relationship'}]"
108227,[]
210050,"[{'id': 187056, 'name': 'woman director'}]"
27306,"[{'id': 6104, 'name': 'computer'}, {'id': 11148, 'name': 'police chase'}, {'id': 40847, 'name': 'near future'}]"
22084,[]
350555,"[{'id': 1956, 'name': 'world war ii'}, {'id': 6472, 'name': 'midwife'}, {'id': 9673, 'name': 'love'}, {'id': 232875, 'name': 'ss officer'}]"
261192,[]
283161,"[{'id': 187056, 'name': 'woman director'}]"
1539,"[{'id': 220, 'name': 'berlin'}, {'id': 380, 'name': 'brother brother relationship'}, {'id': 725, 'name': 'lovesickness'}, {'id': 886, 'name': 'film making'}, {'id': 1233, 'name': 'composer'}, {'id': 1332, 'name': 'cheating'}, {'id': 2038, 'name': ""love of one's life""}, {'id': 2559, 'name': 'film maker'}, {'id': 5287, 'name': 'tour'}, {'id': 5301, 'name': 'brother'}, {'id': 6029, 'name': 'concert'}, {'id': 10183, 'name': 'independent film'}]"
40341,"[{'id': 3473, 'name': 'carnival'}, {'id': 9714, 'name': 'remake'}, {'id': 191327, 'name': 'evil clown'}]"
289232,[]
285844,"[{'id': 207265, 'name': 'faked pregnancy'}]"
3936,"[{'id': 190801, 'name': 'blondie'}]"
354150,"[{'id': 958, 'name': 'indian lead'}, {'id': 3094, 'name': 'australian'}, {'id': 9799, 'name': 'romantic comedy'}, {'id': 10540, 'name': 'bollywood'}, {'id': 200349, 'name': 'immigrant family'}]"
56332,[]
77745,"[{'id': 33501, 'name': 'political'}]"
50652,"[{'id': 65, 'name': 'holiday'}, {'id': 207317, 'name': 'christmas'}]"
79212,[]
184080,[]
358881,"[{'id': 4743, 'name': 'jihad'}]"
65799,"[{'id': 658, 'name': 'sea'}, {'id': 818, 'name': 'based on novel'}, {'id': 10084, 'name': 'rescue'}]"
93708,"[{'id': 156212, 'name': 'spaghetti western'}]"
247777,"[{'id': 187056, 'name': 'woman director'}]"
366630,"[{'id': 818, 'name': 'based on novel'}]"
166888,"[{'id': 2652, 'name': 'nazis'}, {'id': 10329, 'name': 'wealth'}]"
184819,"[{'id': 456, 'name': 'mother'}, {'id': 794, 'name': 'red hair'}, {'id': 41509, 'name': 'hate'}]"
166888,"[{'id': 2652, 'name': 'nazis'}, {'id': 10329, 'name': 'wealth'}]"
184819,"[{'id': 456, 'name': 'mother'}, {'id': 794, 'name': 'red hair'}, {'id': 41509, 'name': 'hate'}]"
83902,"[{'id': 10540, 'name': 'bollywood'}]"
354251,"[{'id': 9706, 'name': 'anthology'}, {'id': 187056, 'name': 'woman director'}, {'id': 210012, 'name': 'mumblegore'}, {'id': 214544, 'name': 'horror anthology'}]"
203351,"[{'id': 3588, 'name': 'navy'}, {'id': 223603, 'name': 'underwater threat'}, {'id': 223604, 'name': 'robot suits'}, {'id': 223605, 'name': 'giant monsters'}]"
115153,[]
195557,"[{'id': 90, 'name': 'paris'}, {'id': 154802, 'name': 'silent film'}, {'id': 164889, 'name': 'eiffel tower paris'}]"
64225,[]
336970,"[{'id': 255, 'name': 'male nudity'}, {'id': 293, 'name': 'female nudity'}, {'id': 572, 'name': 'sex'}, {'id': 1155, 'name': 'brother sister relationship'}, {'id': 9772, 'name': 'pubic hair'}, {'id': 10937, 'name': 'memory'}, {'id': 15027, 'name': 'taboo'}, {'id': 18027, 'name': 'sibling'}, {'id': 33841, 'name': 'incest'}, {'id': 181531, 'name': 'brother sister incest'}]"
10500,"{'id': 220, 'name': 'berlin'}, {'id': 292, 'name': 'berlin wall'}, {'id': 1772, 'name': 'german democratic republic'}, {'id': 2437, 'name': 'munich'}, {'id': 6987, 'name': 'idealism'}, {'id': 10818, 'name': 'author'}"
41078,"[{'id': 41011, 'name': 'based on song, poem or rhyme'}]"
46383,"[{'id': 187056, 'name': 'woman director'}]"
73775,[]
88269,[]
239536,[]
301224,"[{'id': 3094, 'name': 'australian'}, {'id': 4278, 'name': 'invasion'}, {'id': 4565, 'name': 'dystopia'}, {'id': 194713, 'name': 'post nuclear'}]"
297393,"[{'id': 240, 'name': 'underdog'}, {'id': 1209, 'name': 'wales'}, {'id': 2673, 'name': 'horse'}, {'id': 165147, 'name': 'wrong side of the tracks'}, {'id': 187056, 'name': 'woman director'}, {'id': 200790, 'name': 'horseracing'}, {'id': 207638, 'name': 'dream alliance'}, {'id': 207639, 'name': 'grand national'}, {'id': 207640, 'name': 'welsh'}]"
117483,"[{'id': 246, 'name': 'dancing'}, {'id': 293, 'name': 'female nudity'}, {'id': 490, 'name': 'philosophy'}, {'id': 496, 'name': 'poetry'}, {'id': 733, 'name': 'dancer'}, {'id': 745, 'name': 'nun'}, {'id': 818, 'name': 'based on novel'}, {'id': 931, 'name': 'jealousy'}, {'id': 1156, 'name': 'sister sister relationship'}, {'id': 1157, 'name': 'wife husband relationship'}, {'id': 1227, 'name': 'cemetery'}, {'id': 1261, 'name': 'river'}, {'id': 1316, 'name': 'captain'}, {'id': 1366, 'name': 'shotgun'}, {'id': 1419, 'name': 'gun'}, {'id': 1421, 'name': 'birthday'}, {'id': 1610, 'name': 'country estate'}, {'id': 1743, 'name': 'journey in the past'}, {'id': 1994, 'name': 'wolf'}, {'id': 2105, 'name': 'garden'}, {'id': 2284, 'name': 'horseback riding'}, {'id': 2406, 'name': 'picnic'}, {'id': 2479, 'name': 'chicken'}, {'id': 2673, 'name': 'horse'}, {'id': 2820, 'name': 'wound'}, {'id': 2968, 'name': 'grave'}, {'id': 2983, 'name': 'passion'}, {'id': 3020, 'name': 'sheep'}, {'id': 3096, 'name': 'book'}, {'id': 3321, 'name': 'childhood memory'}, {'id': 3469, 'name': 'utopia'}, {'id': 3614, 'name': 'disappointment'}, {'id': 3739, 'name': 'funeral'}, {'id': 3914, 'name': 'kitchen'}, {'id': 3929, 'name': 'hope'}, {'id': 4168, 'name': 'greenhouse'}, {'id': 4262, 'name': 'tea'}, {'id': 4472, 'name': 'pneumonia'}, {'id': 4653, 'name': 'french'}, {'id': 4931, 'name': 'pig'}, {'id': 4932, 'name': 'farm'}, {'id': 4958, 'name': 'injection'}, {'id': 4978, 'name': 'immortality'}, {'id': 5091, 'name': 'kiss'}, {'id': 5732, 'name': 'birthday party'}, {'id': 5933, 'name': 'poet'}, {'id': 6054, 'name': 'friendship'}, {'id': 6162, 'name': 'past'}, {'id': 6293, 'name': 'telescope'}, {'id': 9403, 'name': 'resignation'}, {'id': 9897, 'name': 'rifle'}, {'id': 10093, 'name': 'priest'}, {'id': 10103, 'name': 'children'}, {'id': 10235, 'name': 'family relationships'}, {'id': 10707, 'name': 'mother daughter relationship'}, {'id': 10909, 'name': 'lawyer'}, {'id': 10937, 'name': 'memory'}, {'id': 11011, 'name': 'morality'}, {'id': 11333, 'name': 'cigar smoking'}, {'id': 11732, 'name': 'cigarette smoking'}, {'id': 11833, 'name': 'forty something'}, {'id': 12544, 'name': 'crying'}, {'id': 12980, 'name': 'brother-in-law sister-in-law relationship'}, {'id': 13005, 'name': 'doctor'}, {'id': 13008, 'name': 'train'}, {'id': 14620, 'name': 'raft'}, {'id': 14708, 'name': 'tears'}, {'id': 15160, 'name': 'divorce'}, {'id': 15162, 'name': 'dog'}, {'id': 15224, 'name': 'candle'}, {'id': 18036, 'name': 'coward'}, {'id': 18396, 'name': 'catholic'}, {'id': 33386, 'name': 'old flame'}, {'id': 33740, 'name': 'humiliation'}, {'id': 34079, 'name': 'death'}, {'id': 40837, 'name': 'piano duet'}, {'id': 41511, 'name': 'cross'}, {'id': 41594, 'name': 'electricity'}, {'id': 47020, 'name': 'storytelling'}, {'id': 154060, 'name': 'happiness'}, {'id': 156081, 'name': 'tomb'}, {'id': 156510, 'name': 'horse and carriage'}, {'id': 156866, 'name': 'based on short story'}, {'id': 157325, 'name': 'bandage'}, {'id': 157499, 'name': 'mother son relationship'}, {'id': 158199, 'name': 'aunt nephew relationship'}, {'id': 160246, 'name': 'childhood friends'}, {'id': 160423, 'name': 'apology'}, {'id': 162296, 'name': 'ex-boyfriend ex-girlfriend relationship'}, {'id': 164092, 'name': 'blindness'}, {'id': 164193, 'name': 'uncle nephew relationship'}, {'id': 166512, 'name': 'graveyard'}, {'id': 171183, 'name': 'flirting'}, {'id': 172879, 'name': 'whistling'}, {'id': 174448, 'name': 'piano player'}, {'id': 181755, 'name': 'dealing with the past'}, {'id': 182196, 'name': 'stable'}, {'id': 206978, 'name': 'nightshirt'}, {'id': 207592, 'name': 'piano'}, {'id': 207876, 'name': '1920s'}, {'id': 208518, 'name': 'burial'}, {'id': 209310, 'name': 'evil law office'}, {'id': 212914, 'name': 'warsaw'}, {'id': 212939, 'name': 'polish soviet war'}, {'id': 212957, 'name': 'pigsty'}, {'id': 212968, 'name': 'kiev russia'}, {'id': 213040, 'name': 'self reflection'}, {'id': 213057, 'name': 'strawberry'}, {'id': 213060, 'name': 'reminiscence'}, {'id': 213070, 'name': 'duck hunt'}, {'id': 213075, 'name': 'barnyard'}, {'id': 213077, 'name': 'lost youth'}, {'id': 223383, 'name': 'dissatisfied'}]"
23767,[]
393877,[]
132148,[]
69636,"[{'id': 9748, 'name': 'revenge'}, {'id': 9826, 'name': 'murder'}, {'id': 10703, 'name': 'tragic love'}, {'id': 11469, 'name': 'memory loss'}, {'id': 15249, 'name': 'tragic event'}, {'id': 157171, 'name': 'nonlinear timeline'}, {'id': 163119, 'name': 'injustice'}, {'id': 180557, 'name': 'short term memory loss'}, {'id': 228645, 'name': 'memento'}]"
109587,[]
334057,[]
361745,[]
121572,"[{'id': 18179, 'name': 'drug addict'}, {'id': 220860, 'name': 'entrance to hell'}, {'id': 220862, 'name': 'seven gates'}]"
373476,"[{'id': 2547, 'name': 'new identity'}]"
376263,"[{'id': 2210, 'name': 'climate change'}]"
85043,[]
60971,"[{'id': 233, 'name': 'japan'}, {'id': 1794, 'name': 'yakuza'}, {'id': 13142, 'name': 'gangster'}, {'id': 195402, 'name': 'film noir'}]"
361571,"[{'id': 10103, 'name': 'children'}, {'id': 13073, "
313297,"{'id': 1462, 'name': 'samurai'}, {'id': 2343, 'name': 'magic'}, {'id': 10121, 'name': 'stop motion'}, {'id': 47020, 'name': 'storytelling'}"
74199,"[{'id': 4344, 'name': 'musical'}]"
197528,[]
407965,[]
20949,[]
385736,"[{'id': 3405, 'name': 'blow job'}, {'id': 11732, 'name': 'cigarette smoking'}, {'id': 156117, 'name': 'illegal drugs'}, {'id': 233047, 'name': 'smoking weed'}, {'id': 233048, 'name': 'shoes'}]"
417877,[]
403330,[]
74491,[]
353728,"[{'id': 4951, 'name': 'rejection'}, {'id': 6733, 'name': 'bullying'}, {'id': 10683, 'name': 'coming of age'}, {'id': 11524, 'name': 'in the closet'}, {'id': 158718, 'name': 'lgbt'}, {'id': 205771, 'name': 'animal spirit'}, {'id': 231778, 'name': 'treehouse'}]"
6103,"[{'id': 703, 'name': 'detective'}, {'id': 207046, 'name': 'murder mystery'}]"
100829,[]
97073,"[{'id': 190901, 'name': 'perry mason'}]"
429238,"[{'id': 642, 'name': 'robbery'}, {'id': 10051, 'name': 'heist'}, {'id': 223438, 'name': 'based on young adult novel'}]"
85753,"[{'id': 9826, 'name': 'murder'}, {'id': 33519, 'name': 'courtroom'}, {'id': 190901, 'name': 'perry mason'}]"
87908,[]
268297,"[{'id': 10596, 'name': 'argentina'}, {'id': 156273, 'name': 'critic'}, {'id': 193223, 'name': 'film critic'}]"
437752,"[{'id': 9716, 'name': 'stand-up comedy'}]"
429199,[]
38751,"[{'id': 180668, 'name':"
163924,"[{'id': 4278, 'name': 'invasion'}]"
334939,[]
21586,"[{'id': 9716, 'name': 'stand-up comedy'}]"
126127,"[{'id': 1253, 'name': 'roommate'}, {'id': 1749, 'name': 'taxi driver'}, {'id': 14873, 'name': 'tenement'}, {'id': 33632, 'name': 'apartment'}, {'id': 209229, 'name': 'telephone marketing'}]"
16875,"[{'id': 12105, 'name': 'student'}]"
106176,"[{'id': 1773, 'name': 'socialism'}, {'id': 4004, 'name': 'cultural revolution'}, {'id': 6674, 'name': 'chair'}]"
104480,"[{'id': 15061, 'name': 'docudrama'}, {'id': 33782, 'name': 'diver'}, {'id': 154802, 'name': 'silent film'}]"
63376,"[{'id': 9673, 'name': 'love'}]"
429101,[]
433410,[]
97797,[]
102078,[]
354150,"[{'id': 958, 'name': 'indian lead'}, {'id': 3094, 'name': 'australian'}, {'id': 9799, 'name': 'romantic comedy'}, {'id': 10540, 'name': 'bollywood'}, {'id': 200349, 'name': 'immigrant family'}]"
48946,[]
115153,[]
9893,"[{'id': 6270, 'name': 'high school'}, {'id': 8783, 'name': 'scavenger hunt'}, {'id': 10791, 'name': 'teenage crush'}, {'id': 11798, 'name': 'slumber party'}, {'id': 13130, 'name': 'teenager'}, {'id': 155722, 'name': 'teen comedy'}]"
85242,[]
